rank,feature,raw_feature,engineered,kind,value,abs_value,model
1,Exercise_ECG_Group_N_Up,categorical__Exercise_ECG_Group_N_Up,True,importance,0.1270906385,0.1270906385,RandomForestClassifier
2,ST_Slope_Up,categorical__ST_Slope_Up,False,importance,0.1245281207,0.1245281207,RandomForestClassifier
3,ChestPainType_ASY,categorical__ChestPainType_ASY,False,importance,0.1008083908,0.1008083908,RandomForestClassifier
4,ST_Slope_Flat,categorical__ST_Slope_Flat,False,importance,0.08484947717,0.08484947717,RandomForestClassifier
5,ExerciseAngina_Y,categorical__ExerciseAngina_Y,False,importance,0.06370288055,0.06370288055,RandomForestClassifier
6,ExerciseAngina_N,categorical__ExerciseAngina_N,False,importance,0.06146741546,0.06146741546,RandomForestClassifier
7,Oldpeak,numeric__Oldpeak,False,importance,0.053813139,0.053813139,RandomForestClassifier
8,Oldpeak_Slope_Score,numeric__Oldpeak_Slope_Score,True,importance,0.04429944019,0.04429944019,RandomForestClassifier
9,MaxHR,numeric__MaxHR,False,importance,0.04308277311,0.04308277311,RandomForestClassifier
10,Exercise_ECG_Group_Y_Flat,categorical__Exercise_ECG_Group_Y_Flat,True,importance,0.03357526914,0.03357526914,RandomForestClassifier
11,Age,numeric__Age,False,importance,0.02521178534,0.02521178534,RandomForestClassifier
12,Cholesterol,numeric__Cholesterol,False,importance,0.02472282197,0.02472282197,RandomForestClassifier
13,Cholesterol_Age_Ratio,numeric__Cholesterol_Age_Ratio,True,importance,0.02245050688,0.02245050688,RandomForestClassifier
14,Sex_F,categorical__Sex_F,False,importance,0.02176819022,0.02176819022,RandomForestClassifier
15,ChestPainType_ATA,categorical__ChestPainType_ATA,False,importance,0.0205016793,0.0205016793,RandomForestClassifier
16,RestingBP,numeric__RestingBP,False,importance,0.01899837785,0.01899837785,RandomForestClassifier
17,Sex_M,categorical__Sex_M,False,importance,0.01811189069,0.01811189069,RandomForestClassifier
18,FastingBS_1,categorical__FastingBS_1,False,importance,0.01724002765,0.01724002765,RandomForestClassifier
19,FastingBS_0,categorical__FastingBS_0,False,importance,0.01650943539,0.01650943539,RandomForestClassifier
20,Exercise_ECG_Group_N_Flat,categorical__Exercise_ECG_Group_N_Flat,True,importance,0.01602542372,0.01602542372,RandomForestClassifier
21,ChestPainType_NAP,categorical__ChestPainType_NAP,False,importance,0.008224593306,0.008224593306,RandomForestClassifier
22,RestingECG_LVH,categorical__RestingECG_LVH,False,importance,0.007549851714,0.007549851714,RandomForestClassifier
23,Exercise_ECG_Group_Y_Up,categorical__Exercise_ECG_Group_Y_Up,True,importance,0.007356305263,0.007356305263,RandomForestClassifier
24,AgeBand_Sex_60-69_M,categorical__AgeBand_Sex_60-69_M,True,importance,0.006366254247,0.006366254247,RandomForestClassifier
25,RestingECG_Normal,categorical__RestingECG_Normal,False,importance,0.005468658673,0.005468658673,RandomForestClassifier
26,AgeBand_Sex_50-59_F,categorical__AgeBand_Sex_50-59_F,True,importance,0.003843365681,0.003843365681,RandomForestClassifier
27,AgeBand_Sex_50-59_M,categorical__AgeBand_Sex_50-59_M,True,importance,0.003383082302,0.003383082302,RandomForestClassifier
28,AgeBand_Sex_40-49_F,categorical__AgeBand_Sex_40-49_F,True,importance,0.003326090388,0.003326090388,RandomForestClassifier
29,Exercise_ECG_Group_Y_Down,categorical__Exercise_ECG_Group_Y_Down,True,importance,0.003209146075,0.003209146075,RandomForestClassifier
30,ChestPainType_TA,categorical__ChestPainType_TA,False,importance,0.002790711127,0.002790711127,RandomForestClassifier
31,RestingECG_ST,categorical__RestingECG_ST,False,importance,0.002740836062,0.002740836062,RandomForestClassifier
32,ST_Slope_Down,categorical__ST_Slope_Down,False,importance,0.002653222492,0.002653222492,RandomForestClassifier
33,AgeBand_Sex_40-49_M,categorical__AgeBand_Sex_40-49_M,True,importance,0.001878052476,0.001878052476,RandomForestClassifier
34,Exercise_ECG_Group_N_Down,categorical__Exercise_ECG_Group_N_Down,True,importance,0.001427430717,0.001427430717,RandomForestClassifier
35,AgeBand_Sex_60-69_F,categorical__AgeBand_Sex_60-69_F,True,importance,0.0007402613503,0.0007402613503,RandomForestClassifier
36,AgeBand_Sex_lt40_M,categorical__AgeBand_Sex_lt40_M,True,importance,0.0002304447119,0.0002304447119,RandomForestClassifier
37,AgeBand_Sex_ge70_M,categorical__AgeBand_Sex_ge70_M,True,importance,5.400983291e-05,5.400983291e-05,RandomForestClassifier
38,AgeBand_Sex_ge70_F,categorical__AgeBand_Sex_ge70_F,True,importance,0,0,RandomForestClassifier
39,AgeBand_Sex_lt40_F,categorical__AgeBand_Sex_lt40_F,True,importance,0,0,RandomForestClassifier
