rank,feature,raw_feature,engineered,mean_abs_shap,mean_shap,n_samples,model,split_version
1,ChestPainType_ASY,categorical__ChestPainType_ASY,False,0.06681370392,-0.002121782558,184,Random Forest,v1
2,ST_Slope_Up,categorical__ST_Slope_Up,False,0.06667559245,0.003751058405,184,Random Forest,v1
3,Exercise_ECG_Group_N_Up,categorical__Exercise_ECG_Group_N_Up,True,0.06109842506,0.00460382132,184,Random Forest,v1
4,ST_Slope_Flat,categorical__ST_Slope_Flat,False,0.04919265715,0.00151605386,184,Random Forest,v1
5,ExerciseAngina_N,categorical__ExerciseAngina_N,False,0.03565795983,-0.001987764054,184,Random Forest,v1
6,ExerciseAngina_Y,categorical__ExerciseAngina_Y,False,0.03554680848,-0.001174253406,184,Random Forest,v1
7,Oldpeak,numeric__Oldpeak,False,0.02383063712,0.00238951844,184,Random Forest,v1
8,Exercise_ECG_Group_Y_Flat,categorical__Exercise_ECG_Group_Y_Flat,True,0.02124860963,-0.003134539716,184,Random Forest,v1
9,MaxHR,numeric__MaxHR,False,0.01921873729,0.001762004042,184,Random Forest,v1
10,Sex_F,categorical__Sex_F,False,0.01758351001,0.002035278906,184,Random Forest,v1
11,Oldpeak_Slope_Score,numeric__Oldpeak_Slope_Score,True,0.01672147769,-0.002463860413,184,Random Forest,v1
12,Sex_M,categorical__Sex_M,False,0.01551600202,0.002177014674,184,Random Forest,v1
13,Cholesterol,numeric__Cholesterol,False,0.01359190122,-0.000103132266,184,Random Forest,v1
14,Age,numeric__Age,False,0.01352123905,0.0005361626106,184,Random Forest,v1
15,FastingBS_1,categorical__FastingBS_1,False,0.01326769283,-0.001424496394,184,Random Forest,v1
16,ChestPainType_ATA,categorical__ChestPainType_ATA,False,0.01299329783,0.001652919322,184,Random Forest,v1
17,FastingBS_0,categorical__FastingBS_0,False,0.01209649681,-0.001859345471,184,Random Forest,v1
18,ChestPainType_NAP,categorical__ChestPainType_NAP,False,0.007159214332,-0.0001638932548,184,Random Forest,v1
19,Exercise_ECG_Group_N_Flat,categorical__Exercise_ECG_Group_N_Flat,True,0.006996269965,-3.192766813e-05,184,Random Forest,v1
20,Cholesterol_Age_Ratio,numeric__Cholesterol_Age_Ratio,True,0.006686942087,0.0002620845972,184,Random Forest,v1
21,RestingBP,numeric__RestingBP,False,0.006597181234,-0.0007529272532,184,Random Forest,v1
22,AgeBand_Sex_60-69_M,categorical__AgeBand_Sex_60-69_M,True,0.004900865244,-0.000120806178,184,Random Forest,v1
23,RestingECG_LVH,categorical__RestingECG_LVH,False,0.003217116342,0.0001978993931,184,Random Forest,v1
24,AgeBand_Sex_50-59_F,categorical__AgeBand_Sex_50-59_F,True,0.002958479604,0.0001219492498,184,Random Forest,v1
25,RestingECG_Normal,categorical__RestingECG_Normal,False,0.002746896543,-2.084357556e-05,184,Random Forest,v1
26,Exercise_ECG_Group_Y_Up,categorical__Exercise_ECG_Group_Y_Up,True,0.002111107607,0.001241261424,184,Random Forest,v1
27,Exercise_ECG_Group_Y_Down,categorical__Exercise_ECG_Group_Y_Down,True,0.001862321656,-0.0006958603901,184,Random Forest,v1
28,AgeBand_Sex_40-49_F,categorical__AgeBand_Sex_40-49_F,True,0.001656367745,0.0006949760602,184,Random Forest,v1
29,AgeBand_Sex_50-59_M,categorical__AgeBand_Sex_50-59_M,True,0.001640991556,0.0002025034676,184,Random Forest,v1
30,RestingECG_ST,categorical__RestingECG_ST,False,0.001550442792,-0.0001409779866,184,Random Forest,v1
31,ChestPainType_TA,categorical__ChestPainType_TA,False,0.001536057248,0.0002943186843,184,Random Forest,v1
32,AgeBand_Sex_40-49_M,categorical__AgeBand_Sex_40-49_M,True,0.001027989014,1.645881827e-05,184,Random Forest,v1
33,ST_Slope_Down,categorical__ST_Slope_Down,False,0.0008643037725,-0.0002485745611,184,Random Forest,v1
34,Exercise_ECG_Group_N_Down,categorical__Exercise_ECG_Group_N_Down,True,0.0006220735775,0.0004491529243,184,Random Forest,v1
35,AgeBand_Sex_60-69_F,categorical__AgeBand_Sex_60-69_F,True,0.000195343466,1.15602725e-05,184,Random Forest,v1
36,AgeBand_Sex_lt40_M,categorical__AgeBand_Sex_lt40_M,True,0.0001901694572,9.97508095e-05,184,Random Forest,v1
37,AgeBand_Sex_ge70_M,categorical__AgeBand_Sex_ge70_M,True,5.829410984e-05,8.664722363e-06,184,Random Forest,v1
38,AgeBand_Sex_ge70_F,categorical__AgeBand_Sex_ge70_F,True,0,0,184,Random Forest,v1
39,AgeBand_Sex_lt40_F,categorical__AgeBand_Sex_lt40_F,True,0,0,184,Random Forest,v1
